,MSE,MAE,R2,Explained Variance
Linear Regression,0.00030923583993765945,0.011336052783115298,0.8338701973620939,0.8347242579215516
Stochastic Gradient Descent,0.00046366067321699963,0.015582531305098844,0.7509090274011341,0.8094699856864619
Random Forest,1.177766638187765e-05,0.001496529057199992,0.9936727211439952,0.99406089219572
XGBoost,1.4963079966166258e-07,0.0002768128935939412,0.9999196143137181,0.9999259652260242
