,MSE,MAE,R2,Explained Variance
Linear Regression,0.0005896671069449863,0.01904338650774561,-0.7116897278691163,-0.651273507895163
Stochastic Gradient Descent,0.0003408467573247549,0.015449854997900707,0.01058769190476172,0.014079862381286112
Random Forest,8.89407385651441e-05,0.004448104832400003,0.7418222132487831,0.7423454764776358
XGBoost,1.0861791737741754e-06,0.0007269303764398694,0.9968470316344981,0.9968522665965491
